Workbook

Sheet 요약대시보드
A1: ■ 개인 자산관리 요약 대시보드 (2026년)
A2: ※ 파란색 셀 = 직접 입력 · 검정색 = 자동 계산(수식) · 초록색 = 다른 시트와 연동된 셀
A4: 작성기준일 | B4: 46226
A6: 순자산 현황
A7: 총자산 | C7: =자산현황!D32 -> 5000000
A8: 총부채 | C8: =부채현황!I12 -> 22000000
A9: 순자산 (자산-부채) | C9: =C7-C8 -> -17000000
A11: 월별 현금흐름 요약 (단위: 원, '월별자금수지' 시트 연동)
A12: 구분 | B12: 1월 | C12: 2월 | D12: 3월 | E12: 4월 | F12: 5월 | G12: 6월 | H12: 7월 | I12: 8월 | J12: 9월 | K12: 10월 | L12: 11월 | M12: 12월 | N12: 합계
A13: Cash In | B13: =월별자금수지!D12 -> 0 | C13: =월별자금수지!E12 -> 0 | D13: =월별자금수지!F12 -> 0 | E13: =월별자금수지!G12 -> 0 | F13: =월별자금수지!H12 -> 0 | G13: =월별자금수지!I12 -> 0 | H13: =월별자금수지!J12 -> 0 | I13: =월별자금수지!K12 -> 0 | ... M13: =월별자금수지!O12 -> 0 | N13: =월별자금수지!C12 -> 0
A14: Cash Out | B14: =월별자금수지!D22 -> 0 | C14: =월별자금수지!E22 -> 0 | D14: =월별자금수지!F22 -> 0 | E14: =월별자금수지!G22 -> 0 | F14: =월별자금수지!H22 -> 0 | G14: =월별자금수지!I22 -> 0 | H14: =월별자금수지!J22 -> 0 | I14: =월별자금수지!K22 -> 0 | ... M14: =월별자금수지!O22 -> 0 | N14: =월별자금수지!C22 -> 0
A15: 과부족 | B15: =월별자금수지!D24 -> 0 | C15: =월별자금수지!E24 -> 0 | D15: =월별자금수지!F24 -> 0 | E15: =월별자금수지!G24 -> 0 | F15: =월별자금수지!H24 -> 0 | G15: =월별자금수지!I24 -> 0 | H15: =월별자금수지!J24 -> 0 | I15: =월별자금수지!K24 -> 0 | ... M15: =월별자금수지!O24 -> 0 | N15: =월별자금수지!C24 -> 0
A16: 월말잔고(누적) | B16: =월별자금수지!D25 -> 0 | C16: =월별자금수지!E25 -> 0 | D16: =월별자금수지!F25 -> 0 | E16: =월별자금수지!G25 -> 0 | F16: =월별자금수지!H25 -> 0 | G16: =월별자금수지!I25 -> 0 | H16: =월별자금수지!J25 -> 0 | I16: =월별자금수지!K25 -> 0 | ... M16: =월별자금수지!O25 -> 0 | N16: =월별자금수지!C25 -> 0

Sheet 월별자금수지
A1: ■ 개인 월별 자금수지 (2026년, 단위: 원)
A2: ※ 파란색 셀(월별 금액, 기초잔액)에 직접 입력하세요. 합계/과부족/잔고는 자동 계산됩니다.
A4: 구분 | B4: 세부항목 | C4: 합계 | D4: 1월 | E4: 2월 | F4: 3월 | G4: 4월 | H4: 5월 | I4: 6월 | J4: 7월 | K4: 8월 | L4: 9월 | M4: 10월 | N4: 11월 | O4: 12월 | P4: 비고
A5: 기초잔액(전년이월) | C5: =D5 -> 0 | D5: 0 | P5: 직접 입력
A7: Cash In (수입) | B7: 근로소득(급여) | C7: =SUM(D7:O7) -> 0
B8: 사업소득 | C8: =SUM(D8:O8) -> 0
B9: 금융소득(이자/배당) | C9: =SUM(D9:O9) -> 0
B10: 기타수입 | C10: =SUM(D10:O10) -> 0
C11: =SUM(D11:O11) -> 0
A12: Cash In 합계 | C12: =SUM(C7:C11) -> 0 | D12: =SUM(D7:D11) -> 0 | E12: =SUM(E7:E11) -> 0 | F12: =SUM(F7:F11) -> 0 | G12: =SUM(G7:G11) -> 0 | H12: =SUM(H7:H11) -> 0 | I12: =SUM(I7:I11) -> 0 | J12: =SUM(J7:J11) -> 0 | ... O12: =SUM(O7:O11) -> 0
A14: Cash Out (지출) | B14: 주거비(월세/관리비) | C14: =SUM(D14:O14) -> 0
B15: 식비 | C15: =SUM(D15:O15) -> 0
B16: 교통/통신비 | C16: =SUM(D16:O16) -> 0
B17: 보험료 | C17: =SUM(D17:O17) -> 0
B18: 대출원리금상환 | C18: =SUM(D18:O18) -> 0
B19: 저축/투자 | C19: =SUM(D19:O19) -> 0
B20: 세금/공과금 | C20: =SUM(D20:O20) -> 0
B21: 기타지출 | C21: =SUM(D21:O21) -> 0
A22: Cash Out 합계 | C22: =SUM(C14:C21) -> 0 | D22: =SUM(D14:D21) -> 0 | E22: =SUM(E14:E21) -> 0 | F22: =SUM(F14:F21) -> 0 | G22: =SUM(G14:G21) -> 0 | H22: =SUM(H14:H21) -> 0 | I22: =SUM(I14:I21) -> 0 | J22: =SUM(J14:J21) -> 0 | ... O22: =SUM(O14:O21) -> 0
A24: 과부족 (Cash In - Cash Out) | C24: =C12-C22 -> 0 | D24: =D12-D22 -> 0 | E24: =E12-E22 -> 0 | F24: =F12-F22 -> 0 | G24: =G12-G22 -> 0 | H24: =H12-H22 -> 0 | I24: =I12-I22 -> 0 | J24: =J12-J22 -> 0 | ... O24: =O12-O22 -> 0
A25: 월말잔고(누적) | C25: =O25 -> 0 | D25: =D5+D24 -> 0 | E25: =D25+E24 -> 0 | F25: =E25+F24 -> 0 | G25: =F25+G24 -> 0 | H25: =G25+H24 -> 0 | I25: =H25+I24 -> 0 | J25: =I25+J24 -> 0 | K25: =J25+K24 -> 0 | L25: =K25+L24 -> 0 | ... O25: =N25+O24 -> 0

Sheet 고정지출관리
A1: ■ 고정 수입/지출 관리 (연간계획, 단위: 원)
A2: ※ 파란색 셀에 매월 고정적으로 발생하는 수입/지출을 입력하세요. 연간합계 = 월금액 × 연횟수
A4: 구분 | B4: 항목 | C4: 월금액(원) | D4: 연횟수 | E4: 연간합계(원) | F4: 비고
A5: 고정수입 | B5: 급여 | C5: 3000000 | D5: 12 | E5: =C5*D5 -> 36000000 | F5: 예시
B6: 부수입/용돈 | D6: 12 | E6: =C6*D6 -> 0
D7: 12 | E7: =C7*D7 -> 0
A8: 고정수입 소계 | E8: =SUM(E5:E7) -> 36000000
A10: 고정지출 | B10: 월세/관리비 | C10: 800000 | D10: 12 | E10: =C10*D10 -> 9600000 | F10: 예시
B11: 통신비 | D11: 12 | E11: =C11*D11 -> 0
B12: 보험료 | D12: 12 | E12: =C12*D12 -> 0
B13: 구독료(OTT 등) | D13: 12 | E13: =C13*D13 -> 0
B14: 대출상환액 | D14: 12 | E14: =C14*D14 -> 0
B15: 적금/투자 | D15: 12 | E15: =C15*D15 -> 0
B16: 기타 | D16: 12 | E16: =C16*D16 -> 0
A17: 고정지출 소계 | E17: =SUM(E10:E16) -> 9600000
A19: 연간 과부족 (고정수입 - 고정지출) | E19: =E8-E17 -> 26400000

Sheet 자산현황
A1: ■ 개인 자산현황 (2026년 기준, 단위: 원)
A2: ※ 파란색 예시행을 참고하여 본인의 자산을 입력하세요. 행이 부족하면 소계 행 위에 행을 추가하세요.
A4: 구분 | B4: 항목 | C4: 금융기관/소재지 | D4: 평가금액(원) | E4: 취득일 | F4: 비고
A5: 현금성자산 (예금/적금) | B5: 급여통장 | C5: OO은행 | D5: 5000000 | E5: 43892 | F5: 예시
B9: 현금성자산 소계 | D9: =SUM(D5:D8) -> 5000000
A11: 투자자산 (주식/펀드/코인 등)
B15: 투자자산 소계 | D15: =SUM(D11:D14) -> 0
A17: 부동산
B20: 부동산 소계 | D20: =SUM(D17:D19) -> 0
A22: 차량/기타동산
B25: 차량/기타동산 소계 | D25: =SUM(D22:D24) -> 0
A27: 기타자산
B30: 기타자산 소계 | D30: =SUM(D27:D29) -> 0
A32: 총자산 합계 | D32: =D9+D15+D20+D25+D30 -> 5000000

Sheet 부채현황
A1: ■ 개인 부채(대출)현황 (2026년 기준, 단위: 원)
A2: ※ 파란색 예시행을 참고하여 본인의 대출을 입력하세요.
A4: 구분 | B4: 금융기관 | C4: 상품명 | D4: 대출일 | E4: 만기일 | F4: 상환일 | G4: 금리 | H4: 최초대출금(원) | I4: 현재잔액(원) | J4: 월상환액(원) | K4: 비고
A5: 신용대출 | B5: OO은행 | C5: 개인신용대출 | D5: 45306 | E5: 47133 | F5: 매월 25일 | G5: 0.045 | H5: 30000000 | I5: 22000000 | J5: 550000 | K5: 예시
A12: 합계 | H12: =SUM(H5:H11) -> 30000000 | I12: =SUM(I5:I11) -> 22000000 | J12: =SUM(J5:J11) -> 550000

Sheet 일별가계부
A1: ■ 일별 가계부 (2026년, 단위: 원)
A2: ※ 거래가 발생할 때마다 한 줄씩 입력하세요. G열(잔액)은 자동으로 계산됩니다.
A4: 기초잔액 | G4: 0 | H4: 직접 입력
A5: 날짜 | B5: 구분 | C5: 카테고리 | D5: 내용 | E5: 수입금액(원) | F5: 지출금액(원) | G5: 잔액(원) | H5: 비고
A6: 46027 | B6: 지출 | C6: 식비 | D6: 점심 식사 | F6: 12000 | G6: =G4+E6-F6 -> -12000 | H6: 예시
G7: =G6+E7-F7 -> -12000
G8: =G7+E8-F8 -> -12000
G9: =G8+E9-F9 -> -12000
G10: =G9+E10-F10 -> -12000
G11: =G10+E11-F11 -> -12000
G12: =G11+E12-F12 -> -12000
G13: =G12+E13-F13 -> -12000
G14: =G13+E14-F14 -> -12000
G15: =G14+E15-F15 -> -12000
G16: =G15+E16-F16 -> -12000
G17: =G16+E17-F17 -> -12000
G18: =G17+E18-F18 -> -12000
... G35: =G34+E35-F35 -> -12000
